{
	"partitions" : [
		{
			"name" : "Top",
			"pins" : [
				{
					"name" : "ss[0]",
					"strict" : false
				},
				{
					"name" : "ss[1]",
					"strict" : false
				},
				{
					"name" : "ss[2]",
					"strict" : false
				},
				{
					"name" : "ss[3]",
					"strict" : false
				},
				{
					"name" : "ss[4]",
					"strict" : false
				},
				{
					"name" : "ss[5]",
					"strict" : false
				},
				{
					"name" : "ss[6]",
					"strict" : false
				},
				{
					"name" : "dig[1]",
					"strict" : false
				},
				{
					"name" : "dig[2]",
					"strict" : false
				},
				{
					"name" : "dig[3]",
					"strict" : false
				},
				{
					"name" : "dig[4]",
					"strict" : false
				},
				{
					"name" : "clk",
					"strict" : false
				},
				{
					"name" : "bc[0]",
					"strict" : false
				},
				{
					"name" : "bc[1]",
					"strict" : false
				},
				{
					"name" : "bc[2]",
					"strict" : false
				},
				{
					"name" : "bc[3]",
					"strict" : false
				},
				{
					"name" : "bc[4]",
					"strict" : false
				},
				{
					"name" : "bc[5]",
					"strict" : false
				},
				{
					"name" : "bc[6]",
					"strict" : false
				},
				{
					"name" : "bc[7]",
					"strict" : false
				}
			]
		}
	]
}